,Folder_name,File_name
0,GOPR0372_07_01,000640.png
1,GOPR0372_07_01,000628.png
2,GOPR0372_07_01,000645.png
3,GOPR0372_07_01,000613.png
4,GOPR0372_07_01,000667.png
5,GOPR0372_07_01,000614.png
6,GOPR0372_07_01,000665.png
7,GOPR0372_07_01,000615.png
8,GOPR0372_07_01,000639.png
9,GOPR0372_07_01,000653.png
10,GOPR0372_07_01,000646.png
11,GOPR0372_07_01,000606.png
12,GOPR0372_07_01,000659.png
13,GOPR0372_07_01,000610.png
14,GOPR0372_07_01,000647.png
15,GOPR0372_07_01,000662.png
16,GOPR0372_07_01,000675.png
17,GOPR0372_07_01,000664.png
18,GOPR0372_07_01,000672.png
19,GOPR0372_07_01,000657.png
20,GOPR0372_07_01,000663.png
21,GOPR0372_07_01,000666.png
22,GOPR0372_07_01,000649.png
23,GOPR0372_07_01,000654.png
24,GOPR0372_07_01,000655.png
25,GOPR0372_07_01,000641.png
26,GOPR0372_07_01,000671.png
27,GOPR0372_07_01,000660.png
28,GOPR0372_07_01,000642.png
29,GOPR0372_07_01,000650.png
30,GOPR0372_07_01,000619.png
31,GOPR0372_07_01,000605.png
32,GOPR0372_07_01,000634.png
33,GOPR0372_07_01,000633.png
34,GOPR0372_07_01,000631.png
35,GOPR0372_07_01,000644.png
36,GOPR0372_07_01,000673.png
37,GOPR0372_07_01,000636.png
38,GOPR0372_07_01,000635.png
39,GOPR0372_07_01,000668.png
40,GOPR0372_07_01,000620.png
41,GOPR0372_07_01,000607.png
42,GOPR0372_07_01,000627.png
43,GOPR0372_07_01,000674.png
44,GOPR0372_07_01,000656.png
45,GOPR0372_07_01,000637.png
46,GOPR0372_07_01,000608.png
47,GOPR0372_07_01,000648.png
48,GOPR0372_07_01,000609.png
49,GOPR0372_07_01,000622.png
50,GOPR0372_07_01,000632.png
51,GOPR0372_07_01,000625.png
52,GOPR0372_07_01,000661.png
53,GOPR0372_07_01,000638.png
54,GOPR0372_07_01,000658.png
55,GOPR0372_07_01,000670.png
56,GOPR0372_07_01,000630.png
57,GOPR0372_07_01,000602.png
58,GOPR0372_07_01,000623.png
59,GOPR0372_07_01,000651.png
60,GOPR0372_07_01,000626.png
61,GOPR0372_07_01,000669.png
62,GOPR0372_07_01,000603.png
63,GOPR0372_07_01,000611.png
64,GOPR0372_07_01,000612.png
65,GOPR0372_07_01,000652.png
66,GOPR0372_07_01,000617.png
67,GOPR0372_07_01,000621.png
68,GOPR0372_07_01,000604.png
69,GOPR0372_07_01,000616.png
70,GOPR0372_07_01,000643.png
71,GOPR0372_07_01,000601.png
72,GOPR0372_07_01,000618.png
73,GOPR0372_07_01,000629.png
74,GOPR0372_07_01,000624.png
75,GOPR0385_11_00,000112.png
76,GOPR0385_11_00,000166.png
77,GOPR0385_11_00,000109.png
78,GOPR0385_11_00,000132.png
79,GOPR0385_11_00,000134.png
80,GOPR0385_11_00,000178.png
81,GOPR0385_11_00,000183.png
82,GOPR0385_11_00,000135.png
83,GOPR0385_11_00,000151.png
84,GOPR0385_11_00,000172.png
85,GOPR0385_11_00,000148.png
86,GOPR0385_11_00,000161.png
87,GOPR0385_11_00,000163.png
88,GOPR0385_11_00,000175.png
89,GOPR0385_11_00,000102.png
90,GOPR0385_11_00,000156.png
91,GOPR0385_11_00,000123.png
92,GOPR0385_11_00,000167.png
93,GOPR0385_11_00,000150.png
94,GOPR0385_11_00,000191.png
95,GOPR0385_11_00,000152.png
96,GOPR0385_11_00,000184.png
97,GOPR0385_11_00,000198.png
98,GOPR0385_11_00,000126.png
99,GOPR0385_11_00,000133.png
100,GOPR0385_11_00,000182.png
101,GOPR0385_11_00,000143.png
102,GOPR0385_11_00,000129.png
103,GOPR0385_11_00,000162.png
104,GOPR0385_11_00,000117.png
105,GOPR0385_11_00,000157.png
106,GOPR0385_11_00,000194.png
107,GOPR0385_11_00,000187.png
108,GOPR0385_11_00,000120.png
109,GOPR0385_11_00,000138.png
110,GOPR0385_11_00,000165.png
111,GOPR0385_11_00,000137.png
112,GOPR0385_11_00,000113.png
113,GOPR0385_11_00,000196.png
114,GOPR0385_11_00,000169.png
115,GOPR0385_11_00,000195.png
116,GOPR0385_11_00,000188.png
117,GOPR0385_11_00,000131.png
118,GOPR0385_11_00,000142.png
119,GOPR0385_11_00,000177.png
120,GOPR0385_11_00,000176.png
121,GOPR0385_11_00,000159.png
122,GOPR0385_11_00,000174.png
123,GOPR0385_11_00,000179.png
124,GOPR0385_11_00,000122.png
125,GOPR0385_11_00,000192.png
126,GOPR0385_11_00,000106.png
127,GOPR0385_11_00,000199.png
128,GOPR0385_11_00,000139.png
129,GOPR0385_11_00,000170.png
130,GOPR0385_11_00,000111.png
131,GOPR0385_11_00,000164.png
132,GOPR0385_11_00,000115.png
133,GOPR0385_11_00,000154.png
134,GOPR0385_11_00,000114.png
135,GOPR0385_11_00,000200.png
136,GOPR0385_11_00,000130.png
137,GOPR0385_11_00,000136.png
138,GOPR0385_11_00,000108.png
139,GOPR0385_11_00,000140.png
140,GOPR0385_11_00,000185.png
141,GOPR0385_11_00,000118.png
142,GOPR0385_11_00,000124.png
143,GOPR0385_11_00,000116.png
144,GOPR0385_11_00,000125.png
145,GOPR0385_11_00,000189.png
146,GOPR0385_11_00,000190.png
147,GOPR0385_11_00,000104.png
148,GOPR0385_11_00,000141.png
149,GOPR0385_11_00,000121.png
150,GOPR0385_11_00,000173.png
151,GOPR0385_11_00,000158.png
152,GOPR0385_11_00,000160.png
153,GOPR0385_11_00,000197.png
154,GOPR0385_11_00,000193.png
155,GOPR0385_11_00,000127.png
156,GOPR0385_11_00,000153.png
157,GOPR0385_11_00,000186.png
158,GOPR0385_11_00,000180.png
159,GOPR0385_11_00,000105.png
160,GOPR0385_11_00,000168.png
161,GOPR0385_11_00,000128.png
162,GOPR0385_11_00,000144.png
163,GOPR0385_11_00,000107.png
164,GOPR0385_11_00,000119.png
165,GOPR0385_11_00,000155.png
166,GOPR0385_11_00,000149.png
167,GOPR0385_11_00,000181.png
168,GOPR0385_11_00,000171.png
169,GOPR0385_11_00,000147.png
170,GOPR0385_11_00,000101.png
171,GOPR0385_11_00,000145.png
172,GOPR0385_11_00,000110.png
173,GOPR0385_11_00,000146.png
174,GOPR0385_11_00,000103.png
175,GOPR0384_11_04,002852.png
176,GOPR0384_11_04,002898.png
177,GOPR0384_11_04,002866.png
178,GOPR0384_11_04,002875.png
179,GOPR0384_11_04,002835.png
180,GOPR0384_11_04,002854.png
181,GOPR0384_11_04,002814.png
182,GOPR0384_11_04,002831.png
183,GOPR0384_11_04,002809.png
184,GOPR0384_11_04,002873.png
185,GOPR0384_11_04,002816.png
186,GOPR0384_11_04,002858.png
187,GOPR0384_11_04,002849.png
188,GOPR0384_11_04,002808.png
189,GOPR0384_11_04,002863.png
190,GOPR0384_11_04,002847.png
191,GOPR0384_11_04,002881.png
192,GOPR0384_11_04,002882.png
193,GOPR0384_11_04,002826.png
194,GOPR0384_11_04,002848.png
195,GOPR0384_11_04,002819.png
196,GOPR0384_11_04,002888.png
197,GOPR0384_11_04,002899.png
198,GOPR0384_11_04,002877.png
199,GOPR0384_11_04,002820.png
200,GOPR0384_11_04,002884.png
201,GOPR0384_11_04,002892.png
202,GOPR0384_11_04,002817.png
203,GOPR0384_11_04,002805.png
204,GOPR0384_11_04,002822.png
205,GOPR0384_11_04,002838.png
206,GOPR0384_11_04,002803.png
207,GOPR0384_11_04,002850.png
208,GOPR0384_11_04,002857.png
209,GOPR0384_11_04,002879.png
210,GOPR0384_11_04,002845.png
211,GOPR0384_11_04,002846.png
212,GOPR0384_11_04,002810.png
213,GOPR0384_11_04,002900.png
214,GOPR0384_11_04,002855.png
215,GOPR0384_11_04,002823.png
216,GOPR0384_11_04,002869.png
217,GOPR0384_11_04,002874.png
218,GOPR0384_11_04,002818.png
219,GOPR0384_11_04,002894.png
220,GOPR0384_11_04,002801.png
221,GOPR0384_11_04,002887.png
222,GOPR0384_11_04,002802.png
223,GOPR0384_11_04,002862.png
224,GOPR0384_11_04,002876.png
225,GOPR0384_11_04,002843.png
226,GOPR0384_11_04,002833.png
227,GOPR0384_11_04,002837.png
228,GOPR0384_11_04,002890.png
229,GOPR0384_11_04,002896.png
230,GOPR0384_11_04,002872.png
231,GOPR0384_11_04,002804.png
232,GOPR0384_11_04,002868.png
233,GOPR0384_11_04,002830.png
234,GOPR0384_11_04,002891.png
235,GOPR0384_11_04,002813.png
236,GOPR0384_11_04,002807.png
237,GOPR0384_11_04,002811.png
238,GOPR0384_11_04,002853.png
239,GOPR0384_11_04,002824.png
240,GOPR0384_11_04,002842.png
241,GOPR0384_11_04,002878.png
242,GOPR0384_11_04,002895.png
243,GOPR0384_11_04,002839.png
244,GOPR0384_11_04,002851.png
245,GOPR0384_11_04,002865.png
246,GOPR0384_11_04,002860.png
247,GOPR0384_11_04,002821.png
248,GOPR0384_11_04,002832.png
249,GOPR0384_11_04,002829.png
250,GOPR0384_11_04,002841.png
251,GOPR0384_11_04,002840.png
252,GOPR0384_11_04,002828.png
253,GOPR0384_11_04,002812.png
254,GOPR0384_11_04,002871.png
255,GOPR0384_11_04,002886.png
256,GOPR0384_11_04,002893.png
257,GOPR0384_11_04,002827.png
258,GOPR0384_11_04,002836.png
259,GOPR0384_11_04,002880.png
260,GOPR0384_11_04,002864.png
261,GOPR0384_11_04,002861.png
262,GOPR0384_11_04,002806.png
263,GOPR0384_11_04,002815.png
264,GOPR0384_11_04,002885.png
265,GOPR0384_11_04,002867.png
266,GOPR0384_11_04,002856.png
267,GOPR0384_11_04,002825.png
268,GOPR0384_11_04,002883.png
269,GOPR0384_11_04,002870.png
270,GOPR0384_11_04,002859.png
271,GOPR0384_11_04,002844.png
272,GOPR0384_11_04,002897.png
273,GOPR0384_11_04,002834.png
274,GOPR0384_11_04,002889.png
275,GOPR0374_11_03,002516.png
276,GOPR0374_11_03,002509.png
277,GOPR0374_11_03,002512.png
278,GOPR0374_11_03,002495.png
279,GOPR0374_11_03,002519.png
280,GOPR0374_11_03,002526.png
281,GOPR0374_11_03,002525.png
282,GOPR0374_11_03,002499.png
283,GOPR0374_11_03,002504.png
284,GOPR0374_11_03,002482.png
285,GOPR0374_11_03,002507.png
286,GOPR0374_11_03,002493.png
287,GOPR0374_11_03,002481.png
288,GOPR0374_11_03,002517.png
289,GOPR0374_11_03,002500.png
290,GOPR0374_11_03,002498.png
291,GOPR0374_11_03,002488.png
292,GOPR0374_11_03,002484.png
293,GOPR0374_11_03,002483.png
294,GOPR0374_11_03,002528.png
295,GOPR0374_11_03,002497.png
296,GOPR0374_11_03,002515.png
297,GOPR0374_11_03,002502.png
298,GOPR0374_11_03,002521.png
299,GOPR0374_11_03,002522.png
300,GOPR0374_11_03,002505.png
301,GOPR0374_11_03,002501.png
302,GOPR0374_11_03,002513.png
303,GOPR0374_11_03,002527.png
304,GOPR0374_11_03,002506.png
305,GOPR0374_11_03,002511.png
306,GOPR0374_11_03,002523.png
307,GOPR0374_11_03,002503.png
308,GOPR0374_11_03,002510.png
309,GOPR0374_11_03,002489.png
310,GOPR0374_11_03,002486.png
311,GOPR0374_11_03,002496.png
312,GOPR0374_11_03,002518.png
313,GOPR0374_11_03,002494.png
314,GOPR0374_11_03,002487.png
315,GOPR0374_11_03,002508.png
316,GOPR0374_11_03,002514.png
317,GOPR0374_11_03,002492.png
318,GOPR0374_11_03,002520.png
319,GOPR0374_11_03,002485.png
320,GOPR0374_11_03,002491.png
321,GOPR0374_11_03,002524.png
322,GOPR0374_11_03,002490.png
323,GOPR0884_11_00,000251.png
324,GOPR0884_11_00,000258.png
325,GOPR0884_11_00,000201.png
326,GOPR0884_11_00,000203.png
327,GOPR0884_11_00,000240.png
328,GOPR0884_11_00,000269.png
329,GOPR0884_11_00,000248.png
330,GOPR0884_11_00,000278.png
331,GOPR0884_11_00,000207.png
332,GOPR0884_11_00,000241.png
333,GOPR0884_11_00,000283.png
334,GOPR0884_11_00,000209.png
335,GOPR0884_11_00,000252.png
336,GOPR0884_11_00,000191.png
337,GOPR0884_11_00,000198.png
338,GOPR0884_11_00,000257.png
339,GOPR0884_11_00,000218.png
340,GOPR0884_11_00,000227.png
341,GOPR0884_11_00,000225.png
342,GOPR0884_11_00,000239.png
343,GOPR0884_11_00,000276.png
344,GOPR0884_11_00,000263.png
345,GOPR0884_11_00,000238.png
346,GOPR0884_11_00,000275.png
347,GOPR0884_11_00,000194.png
348,GOPR0884_11_00,000249.png
349,GOPR0884_11_00,000187.png
350,GOPR0884_11_00,000259.png
351,GOPR0884_11_00,000228.png
352,GOPR0884_11_00,000223.png
353,GOPR0884_11_00,000204.png
354,GOPR0884_11_00,000260.png
355,GOPR0884_11_00,000220.png
356,GOPR0884_11_00,000237.png
357,GOPR0884_11_00,000196.png
358,GOPR0884_11_00,000195.png
359,GOPR0884_11_00,000188.png
360,GOPR0884_11_00,000268.png
361,GOPR0884_11_00,000202.png
362,GOPR0884_11_00,000230.png
363,GOPR0884_11_00,000214.png
364,GOPR0884_11_00,000279.png
365,GOPR0884_11_00,000211.png
366,GOPR0884_11_00,000277.png
367,GOPR0884_11_00,000270.png
368,GOPR0884_11_00,000192.png
369,GOPR0884_11_00,000261.png
370,GOPR0884_11_00,000199.png
371,GOPR0884_11_00,000243.png
372,GOPR0884_11_00,000273.png
373,GOPR0884_11_00,000271.png
374,GOPR0884_11_00,000265.png
375,GOPR0884_11_00,000232.png
376,GOPR0884_11_00,000231.png
377,GOPR0884_11_00,000217.png
378,GOPR0884_11_00,000200.png
379,GOPR0884_11_00,000216.png
380,GOPR0884_11_00,000234.png
381,GOPR0884_11_00,000189.png
382,GOPR0884_11_00,000206.png
383,GOPR0884_11_00,000221.png
384,GOPR0884_11_00,000190.png
385,GOPR0884_11_00,000272.png
386,GOPR0884_11_00,000233.png
387,GOPR0884_11_00,000284.png
388,GOPR0884_11_00,000242.png
389,GOPR0884_11_00,000255.png
390,GOPR0884_11_00,000256.png
391,GOPR0884_11_00,000205.png
392,GOPR0884_11_00,000197.png
393,GOPR0884_11_00,000193.png
394,GOPR0884_11_00,000246.png
395,GOPR0884_11_00,000280.png
396,GOPR0884_11_00,000262.png
397,GOPR0884_11_00,000186.png
398,GOPR0884_11_00,000266.png
399,GOPR0884_11_00,000282.png
400,GOPR0884_11_00,000274.png
401,GOPR0884_11_00,000267.png
402,GOPR0884_11_00,000213.png
403,GOPR0884_11_00,000247.png
404,GOPR0884_11_00,000226.png
405,GOPR0884_11_00,000224.png
406,GOPR0884_11_00,000244.png
407,GOPR0884_11_00,000222.png
408,GOPR0884_11_00,000235.png
409,GOPR0884_11_00,000210.png
410,GOPR0884_11_00,000229.png
411,GOPR0884_11_00,000212.png
412,GOPR0884_11_00,000264.png
413,GOPR0884_11_00,000281.png
414,GOPR0884_11_00,000245.png
415,GOPR0884_11_00,000253.png
416,GOPR0884_11_00,000236.png
417,GOPR0884_11_00,000219.png
418,GOPR0884_11_00,000208.png
419,GOPR0884_11_00,000285.png
420,GOPR0884_11_00,000250.png
421,GOPR0884_11_00,000215.png
422,GOPR0884_11_00,000254.png
423,GOPR0380_11_00,000166.png
424,GOPR0380_11_00,000134.png
425,GOPR0380_11_00,000178.png
426,GOPR0380_11_00,000183.png
427,GOPR0380_11_00,000135.png
428,GOPR0380_11_00,000151.png
429,GOPR0380_11_00,000172.png
430,GOPR0380_11_00,000148.png
431,GOPR0380_11_00,000161.png
432,GOPR0380_11_00,000163.png
433,GOPR0380_11_00,000175.png
434,GOPR0380_11_00,000156.png
435,GOPR0380_11_00,000167.png
436,GOPR0380_11_00,000150.png
437,GOPR0380_11_00,000191.png
438,GOPR0380_11_00,000152.png
439,GOPR0380_11_00,000184.png
440,GOPR0380_11_00,000182.png
441,GOPR0380_11_00,000143.png
442,GOPR0380_11_00,000162.png
443,GOPR0380_11_00,000157.png
444,GOPR0380_11_00,000187.png
445,GOPR0380_11_00,000138.png
446,GOPR0380_11_00,000165.png
447,GOPR0380_11_00,000137.png
448,GOPR0380_11_00,000169.png
449,GOPR0380_11_00,000188.png
450,GOPR0380_11_00,000142.png
451,GOPR0380_11_00,000177.png
452,GOPR0380_11_00,000176.png
453,GOPR0380_11_00,000159.png
454,GOPR0380_11_00,000174.png
455,GOPR0380_11_00,000179.png
456,GOPR0380_11_00,000192.png
457,GOPR0380_11_00,000139.png
458,GOPR0380_11_00,000170.png
459,GOPR0380_11_00,000164.png
460,GOPR0380_11_00,000154.png
461,GOPR0380_11_00,000136.png
462,GOPR0380_11_00,000140.png
463,GOPR0380_11_00,000185.png
464,GOPR0380_11_00,000189.png
465,GOPR0380_11_00,000190.png
466,GOPR0380_11_00,000141.png
467,GOPR0380_11_00,000173.png
468,GOPR0380_11_00,000158.png
469,GOPR0380_11_00,000160.png
470,GOPR0380_11_00,000193.png
471,GOPR0380_11_00,000153.png
472,GOPR0380_11_00,000186.png
473,GOPR0380_11_00,000180.png
474,GOPR0380_11_00,000168.png
475,GOPR0380_11_00,000144.png
476,GOPR0380_11_00,000155.png
477,GOPR0380_11_00,000149.png
478,GOPR0380_11_00,000181.png
479,GOPR0380_11_00,000171.png
480,GOPR0380_11_00,000147.png
481,GOPR0380_11_00,000145.png
482,GOPR0380_11_00,000146.png
483,GOPR0384_11_01,001046.png
484,GOPR0384_11_01,001005.png
485,GOPR0384_11_01,000997.png
486,GOPR0384_11_01,000980.png
487,GOPR0384_11_01,000958.png
488,GOPR0384_11_01,001037.png
489,GOPR0384_11_01,000970.png
490,GOPR0384_11_01,001024.png
491,GOPR0384_11_01,001007.png
492,GOPR0384_11_01,000967.png
493,GOPR0384_11_01,001047.png
494,GOPR0384_11_01,000985.png
495,GOPR0384_11_01,000974.png
496,GOPR0384_11_01,000952.png
497,GOPR0384_11_01,001019.png
498,GOPR0384_11_01,000962.png
499,GOPR0384_11_01,000954.png
500,GOPR0384_11_01,001000.png
501,GOPR0384_11_01,000965.png
502,GOPR0384_11_01,001038.png
503,GOPR0384_11_01,000959.png
504,GOPR0384_11_01,000961.png
505,GOPR0384_11_01,000976.png
506,GOPR0384_11_01,001014.png
507,GOPR0384_11_01,000971.png
508,GOPR0384_11_01,000988.png
509,GOPR0384_11_01,000964.png
510,GOPR0384_11_01,000993.png
511,GOPR0384_11_01,000989.png
512,GOPR0384_11_01,000984.png
513,GOPR0384_11_01,000991.png
514,GOPR0384_11_01,000975.png
515,GOPR0384_11_01,000957.png
516,GOPR0384_11_01,001001.png
517,GOPR0384_11_01,001016.png
518,GOPR0384_11_01,001023.png
519,GOPR0384_11_01,000994.png
520,GOPR0384_11_01,000973.png
521,GOPR0384_11_01,001026.png
522,GOPR0384_11_01,001033.png
523,GOPR0384_11_01,001048.png
524,GOPR0384_11_01,001009.png
525,GOPR0384_11_01,001032.png
526,GOPR0384_11_01,001049.png
527,GOPR0384_11_01,001030.png
528,GOPR0384_11_01,001039.png
529,GOPR0384_11_01,000979.png
530,GOPR0384_11_01,001008.png
531,GOPR0384_11_01,000978.png
532,GOPR0384_11_01,001031.png
533,GOPR0384_11_01,000998.png
534,GOPR0384_11_01,001003.png
535,GOPR0384_11_01,001028.png
536,GOPR0384_11_01,001035.png
537,GOPR0384_11_01,000986.png
538,GOPR0384_11_01,001036.png
539,GOPR0384_11_01,000999.png
540,GOPR0384_11_01,000966.png
541,GOPR0384_11_01,001010.png
542,GOPR0384_11_01,001025.png
543,GOPR0384_11_01,001004.png
544,GOPR0384_11_01,001022.png
545,GOPR0384_11_01,000982.png
546,GOPR0384_11_01,000963.png
547,GOPR0384_11_01,000990.png
548,GOPR0384_11_01,001013.png
549,GOPR0384_11_01,001043.png
550,GOPR0384_11_01,000977.png
551,GOPR0384_11_01,000995.png
552,GOPR0384_11_01,001012.png
553,GOPR0384_11_01,000953.png
554,GOPR0384_11_01,001050.png
555,GOPR0384_11_01,001006.png
556,GOPR0384_11_01,001011.png
557,GOPR0384_11_01,001015.png
558,GOPR0384_11_01,000968.png
559,GOPR0384_11_01,000969.png
560,GOPR0384_11_01,000987.png
561,GOPR0384_11_01,000983.png
562,GOPR0384_11_01,001045.png
563,GOPR0384_11_01,001029.png
564,GOPR0384_11_01,001018.png
565,GOPR0384_11_01,001034.png
566,GOPR0384_11_01,000956.png
567,GOPR0384_11_01,001020.png
568,GOPR0384_11_01,001041.png
569,GOPR0384_11_01,001021.png
570,GOPR0384_11_01,000992.png
571,GOPR0384_11_01,000951.png
572,GOPR0384_11_01,001002.png
573,GOPR0384_11_01,000955.png
574,GOPR0384_11_01,001042.png
575,GOPR0384_11_01,001040.png
576,GOPR0384_11_01,000996.png
577,GOPR0384_11_01,000981.png
578,GOPR0384_11_01,001017.png
579,GOPR0384_11_01,001027.png
580,GOPR0384_11_01,000960.png
581,GOPR0384_11_01,000972.png
582,GOPR0384_11_01,001044.png
583,GOPR0374_11_01,000251.png
584,GOPR0374_11_01,000258.png
585,GOPR0374_11_01,000203.png
586,GOPR0374_11_01,000240.png
587,GOPR0374_11_01,000269.png
588,GOPR0374_11_01,000248.png
589,GOPR0374_11_01,000278.png
590,GOPR0374_11_01,000207.png
591,GOPR0374_11_01,000241.png
592,GOPR0374_11_01,000209.png
593,GOPR0374_11_01,000252.png
594,GOPR0374_11_01,000257.png
595,GOPR0374_11_01,000218.png
596,GOPR0374_11_01,000227.png
597,GOPR0374_11_01,000225.png
598,GOPR0374_11_01,000239.png
599,GOPR0374_11_01,000276.png
600,GOPR0374_11_01,000263.png
601,GOPR0374_11_01,000238.png
602,GOPR0374_11_01,000275.png
603,GOPR0374_11_01,000249.png
604,GOPR0374_11_01,000259.png
605,GOPR0374_11_01,000228.png
606,GOPR0374_11_01,000223.png
607,GOPR0374_11_01,000204.png
608,GOPR0374_11_01,000260.png
609,GOPR0374_11_01,000220.png
610,GOPR0374_11_01,000237.png
611,GOPR0374_11_01,000268.png
612,GOPR0374_11_01,000230.png
613,GOPR0374_11_01,000214.png
614,GOPR0374_11_01,000279.png
615,GOPR0374_11_01,000211.png
616,GOPR0374_11_01,000277.png
617,GOPR0374_11_01,000270.png
618,GOPR0374_11_01,000261.png
619,GOPR0374_11_01,000243.png
620,GOPR0374_11_01,000273.png
621,GOPR0374_11_01,000271.png
622,GOPR0374_11_01,000265.png
623,GOPR0374_11_01,000232.png
624,GOPR0374_11_01,000231.png
625,GOPR0374_11_01,000217.png
626,GOPR0374_11_01,000216.png
627,GOPR0374_11_01,000234.png
628,GOPR0374_11_01,000206.png
629,GOPR0374_11_01,000221.png
630,GOPR0374_11_01,000272.png
631,GOPR0374_11_01,000233.png
632,GOPR0374_11_01,000242.png
633,GOPR0374_11_01,000255.png
634,GOPR0374_11_01,000256.png
635,GOPR0374_11_01,000205.png
636,GOPR0374_11_01,000246.png
637,GOPR0374_11_01,000280.png
638,GOPR0374_11_01,000262.png
639,GOPR0374_11_01,000266.png
640,GOPR0374_11_01,000282.png
641,GOPR0374_11_01,000274.png
642,GOPR0374_11_01,000267.png
643,GOPR0374_11_01,000213.png
644,GOPR0374_11_01,000247.png
645,GOPR0374_11_01,000226.png
646,GOPR0374_11_01,000224.png
647,GOPR0374_11_01,000244.png
648,GOPR0374_11_01,000222.png
649,GOPR0374_11_01,000235.png
650,GOPR0374_11_01,000210.png
651,GOPR0374_11_01,000229.png
652,GOPR0374_11_01,000212.png
653,GOPR0374_11_01,000264.png
654,GOPR0374_11_01,000281.png
655,GOPR0374_11_01,000245.png
656,GOPR0374_11_01,000253.png
657,GOPR0374_11_01,000236.png
658,GOPR0374_11_01,000219.png
659,GOPR0374_11_01,000208.png
660,GOPR0374_11_01,000250.png
661,GOPR0374_11_01,000215.png
662,GOPR0374_11_01,000254.png
663,GOPR0386_11_00,000251.png
664,GOPR0386_11_00,000258.png
665,GOPR0386_11_00,000300.png
666,GOPR0386_11_00,000290.png
667,GOPR0386_11_00,000269.png
668,GOPR0386_11_00,000248.png
669,GOPR0386_11_00,000278.png
670,GOPR0386_11_00,000298.png
671,GOPR0386_11_00,000297.png
672,GOPR0386_11_00,000322.png
673,GOPR0386_11_00,000325.png
674,GOPR0386_11_00,000283.png
675,GOPR0386_11_00,000305.png
676,GOPR0386_11_00,000338.png
677,GOPR0386_11_00,000296.png
678,GOPR0386_11_00,000336.png
679,GOPR0386_11_00,000252.png
680,GOPR0386_11_00,000314.png
681,GOPR0386_11_00,000286.png
682,GOPR0386_11_00,000309.png
683,GOPR0386_11_00,000257.png
684,GOPR0386_11_00,000320.png
685,GOPR0386_11_00,000289.png
686,GOPR0386_11_00,000331.png
687,GOPR0386_11_00,000276.png
688,GOPR0386_11_00,000263.png
689,GOPR0386_11_00,000293.png
690,GOPR0386_11_00,000335.png
691,GOPR0386_11_00,000316.png
692,GOPR0386_11_00,000275.png
693,GOPR0386_11_00,000332.png
694,GOPR0386_11_00,000312.png
695,GOPR0386_11_00,000249.png
696,GOPR0386_11_00,000307.png
697,GOPR0386_11_00,000259.png
698,GOPR0386_11_00,000260.png
699,GOPR0386_11_00,000343.png
700,GOPR0386_11_00,000319.png
701,GOPR0386_11_00,000308.png
702,GOPR0386_11_00,000268.png
703,GOPR0386_11_00,000292.png
704,GOPR0386_11_00,000288.png
705,GOPR0386_11_00,000279.png
706,GOPR0386_11_00,000326.png
707,GOPR0386_11_00,000330.png
708,GOPR0386_11_00,000277.png
709,GOPR0386_11_00,000270.png
710,GOPR0386_11_00,000333.png
711,GOPR0386_11_00,000295.png
712,GOPR0386_11_00,000261.png
713,GOPR0386_11_00,000340.png
714,GOPR0386_11_00,000321.png
715,GOPR0386_11_00,000299.png
716,GOPR0386_11_00,000337.png
717,GOPR0386_11_00,000346.png
718,GOPR0386_11_00,000291.png
719,GOPR0386_11_00,000273.png
720,GOPR0386_11_00,000271.png
721,GOPR0386_11_00,000315.png
722,GOPR0386_11_00,000265.png
723,GOPR0386_11_00,000303.png
724,GOPR0386_11_00,000306.png
725,GOPR0386_11_00,000323.png
726,GOPR0386_11_00,000313.png
727,GOPR0386_11_00,000334.png
728,GOPR0386_11_00,000272.png
729,GOPR0386_11_00,000339.png
730,GOPR0386_11_00,000284.png
731,GOPR0386_11_00,000310.png
732,GOPR0386_11_00,000255.png
733,GOPR0386_11_00,000327.png
734,GOPR0386_11_00,000256.png
735,GOPR0386_11_00,000301.png
736,GOPR0386_11_00,000328.png
737,GOPR0386_11_00,000317.png
738,GOPR0386_11_00,000302.png
739,GOPR0386_11_00,000280.png
740,GOPR0386_11_00,000262.png
741,GOPR0386_11_00,000318.png
742,GOPR0386_11_00,000304.png
743,GOPR0386_11_00,000266.png
744,GOPR0386_11_00,000282.png
745,GOPR0386_11_00,000341.png
746,GOPR0386_11_00,000274.png
747,GOPR0386_11_00,000267.png
748,GOPR0386_11_00,000294.png
749,GOPR0386_11_00,000247.png
750,GOPR0386_11_00,000345.png
751,GOPR0386_11_00,000311.png
752,GOPR0386_11_00,000344.png
753,GOPR0386_11_00,000329.png
754,GOPR0386_11_00,000287.png
755,GOPR0386_11_00,000342.png
756,GOPR0386_11_00,000264.png
757,GOPR0386_11_00,000281.png
758,GOPR0386_11_00,000324.png
759,GOPR0386_11_00,000253.png
760,GOPR0386_11_00,000285.png
761,GOPR0386_11_00,000250.png
762,GOPR0386_11_00,000254.png
763,GOPR0384_11_03,002145.png
764,GOPR0384_11_03,002190.png
765,GOPR0384_11_03,002173.png
766,GOPR0384_11_03,002139.png
767,GOPR0384_11_03,002133.png
768,GOPR0384_11_03,002200.png
769,GOPR0384_11_03,002117.png
770,GOPR0384_11_03,002142.png
771,GOPR0384_11_03,002154.png
772,GOPR0384_11_03,002172.png
773,GOPR0384_11_03,002125.png
774,GOPR0384_11_03,002176.png
775,GOPR0384_11_03,002137.png
776,GOPR0384_11_03,002188.png
777,GOPR0384_11_03,002187.png
778,GOPR0384_11_03,002116.png
779,GOPR0384_11_03,002160.png
780,GOPR0384_11_03,002179.png
781,GOPR0384_11_03,002180.png
782,GOPR0384_11_03,002141.png
783,GOPR0384_11_03,002157.png
784,GOPR0384_11_03,002198.png
785,GOPR0384_11_03,002168.png
786,GOPR0384_11_03,002119.png
787,GOPR0384_11_03,002152.png
788,GOPR0384_11_03,002113.png
789,GOPR0384_11_03,002112.png
790,GOPR0384_11_03,002182.png
791,GOPR0384_11_03,002123.png
792,GOPR0384_11_03,002122.png
793,GOPR0384_11_03,002185.png
794,GOPR0384_11_03,002143.png
795,GOPR0384_11_03,002177.png
796,GOPR0384_11_03,002118.png
797,GOPR0384_11_03,002140.png
798,GOPR0384_11_03,002134.png
799,GOPR0384_11_03,002167.png
800,GOPR0384_11_03,002158.png
801,GOPR0384_11_03,002114.png
802,GOPR0384_11_03,002199.png
803,GOPR0384_11_03,002111.png
804,GOPR0384_11_03,002181.png
805,GOPR0384_11_03,002129.png
806,GOPR0384_11_03,002128.png
807,GOPR0384_11_03,002183.png
808,GOPR0384_11_03,002149.png
809,GOPR0384_11_03,002120.png
810,GOPR0384_11_03,002195.png
811,GOPR0384_11_03,002189.png
812,GOPR0384_11_03,002102.png
813,GOPR0384_11_03,002109.png
814,GOPR0384_11_03,002170.png
815,GOPR0384_11_03,002147.png
816,GOPR0384_11_03,002124.png
817,GOPR0384_11_03,002192.png
818,GOPR0384_11_03,002132.png
819,GOPR0384_11_03,002178.png
820,GOPR0384_11_03,002130.png
821,GOPR0384_11_03,002115.png
822,GOPR0384_11_03,002153.png
823,GOPR0384_11_03,002159.png
824,GOPR0384_11_03,002161.png
825,GOPR0384_11_03,002166.png
826,GOPR0384_11_03,002144.png
827,GOPR0384_11_03,002186.png
828,GOPR0384_11_03,002103.png
829,GOPR0384_11_03,002184.png
830,GOPR0384_11_03,002101.png
831,GOPR0384_11_03,002127.png
832,GOPR0384_11_03,002104.png
833,GOPR0384_11_03,002165.png
834,GOPR0384_11_03,002196.png
835,GOPR0384_11_03,002163.png
836,GOPR0384_11_03,002121.png
837,GOPR0384_11_03,002155.png
838,GOPR0384_11_03,002135.png
839,GOPR0384_11_03,002150.png
840,GOPR0384_11_03,002131.png
841,GOPR0384_11_03,002194.png
842,GOPR0384_11_03,002193.png
843,GOPR0384_11_03,002146.png
844,GOPR0384_11_03,002162.png
845,GOPR0384_11_03,002138.png
846,GOPR0384_11_03,002171.png
847,GOPR0384_11_03,002106.png
848,GOPR0384_11_03,002191.png
849,GOPR0384_11_03,002148.png
850,GOPR0384_11_03,002151.png
851,GOPR0384_11_03,002164.png
852,GOPR0384_11_03,002110.png
853,GOPR0384_11_03,002169.png
854,GOPR0384_11_03,002156.png
855,GOPR0384_11_03,002126.png
856,GOPR0384_11_03,002108.png
857,GOPR0384_11_03,002174.png
858,GOPR0384_11_03,002105.png
859,GOPR0384_11_03,002136.png
860,GOPR0384_11_03,002107.png
861,GOPR0384_11_03,002175.png
862,GOPR0384_11_03,002197.png
863,GOPR0857_11_00,000028.png
864,GOPR0857_11_00,000016.png
865,GOPR0857_11_00,000058.png
866,GOPR0857_11_00,000049.png
867,GOPR0857_11_00,000091.png
868,GOPR0857_11_00,000038.png
869,GOPR0857_11_00,000056.png
870,GOPR0857_11_00,000010.png
871,GOPR0857_11_00,000036.png
872,GOPR0857_11_00,000050.png
873,GOPR0857_11_00,000027.png
874,GOPR0857_11_00,000060.png
875,GOPR0857_11_00,000076.png
876,GOPR0857_11_00,000042.png
877,GOPR0857_11_00,000097.png
878,GOPR0857_11_00,000062.png
879,GOPR0857_11_00,000031.png
880,GOPR0857_11_00,000021.png
881,GOPR0857_11_00,000089.png
882,GOPR0857_11_00,000026.png
883,GOPR0857_11_00,000073.png
884,GOPR0857_11_00,000065.png
885,GOPR0857_11_00,000085.png
886,GOPR0857_11_00,000074.png
887,GOPR0857_11_00,000079.png
888,GOPR0857_11_00,000046.png
889,GOPR0857_11_00,000077.png
890,GOPR0857_11_00,000055.png
891,GOPR0857_11_00,000082.png
892,GOPR0857_11_00,000095.png
893,GOPR0857_11_00,000067.png
894,GOPR0857_11_00,000020.png
895,GOPR0857_11_00,000041.png
896,GOPR0857_11_00,000045.png
897,GOPR0857_11_00,000033.png
898,GOPR0857_11_00,000032.png
899,GOPR0857_11_00,000063.png
900,GOPR0857_11_00,000094.png
901,GOPR0857_11_00,000043.png
902,GOPR0857_11_00,000018.png
903,GOPR0857_11_00,000048.png
904,GOPR0857_11_00,000019.png
905,GOPR0857_11_00,000068.png
906,GOPR0857_11_00,000086.png
907,GOPR0857_11_00,000052.png
908,GOPR0857_11_00,000040.png
909,GOPR0857_11_00,000034.png
910,GOPR0857_11_00,000064.png
911,GOPR0857_11_00,000022.png
912,GOPR0857_11_00,000093.png
913,GOPR0857_11_00,000061.png
914,GOPR0857_11_00,000069.png
915,GOPR0857_11_00,000004.png
916,GOPR0857_11_00,000011.png
917,GOPR0857_11_00,000096.png
918,GOPR0857_11_00,000072.png
919,GOPR0857_11_00,000017.png
920,GOPR0857_11_00,000001.png
921,GOPR0857_11_00,000005.png
922,GOPR0857_11_00,000009.png
923,GOPR0857_11_00,000051.png
924,GOPR0857_11_00,000078.png
925,GOPR0857_11_00,000015.png
926,GOPR0857_11_00,000029.png
927,GOPR0857_11_00,000100.png
928,GOPR0857_11_00,000012.png
929,GOPR0857_11_00,000030.png
930,GOPR0857_11_00,000023.png
931,GOPR0857_11_00,000053.png
932,GOPR0857_11_00,000044.png
933,GOPR0857_11_00,000090.png
934,GOPR0857_11_00,000098.png
935,GOPR0857_11_00,000087.png
936,GOPR0857_11_00,000035.png
937,GOPR0857_11_00,000059.png
938,GOPR0857_11_00,000071.png
939,GOPR0857_11_00,000084.png
940,GOPR0857_11_00,000075.png
941,GOPR0857_11_00,000054.png
942,GOPR0857_11_00,000014.png
943,GOPR0857_11_00,000099.png
944,GOPR0857_11_00,000070.png
945,GOPR0857_11_00,000013.png
946,GOPR0857_11_00,000080.png
947,GOPR0857_11_00,000024.png
948,GOPR0857_11_00,000066.png
949,GOPR0857_11_00,000008.png
950,GOPR0857_11_00,000007.png
951,GOPR0857_11_00,000088.png
952,GOPR0857_11_00,000003.png
953,GOPR0857_11_00,000092.png
954,GOPR0857_11_00,000002.png
955,GOPR0857_11_00,000039.png
956,GOPR0857_11_00,000025.png
957,GOPR0857_11_00,000006.png
958,GOPR0857_11_00,000037.png
959,GOPR0857_11_00,000047.png
960,GOPR0857_11_00,000057.png
961,GOPR0857_11_00,000081.png
962,GOPR0857_11_00,000083.png
963,GOPR0374_11_02,000600.png
964,GOPR0374_11_02,000640.png
965,GOPR0374_11_02,000568.png
966,GOPR0374_11_02,000628.png
967,GOPR0374_11_02,000587.png
968,GOPR0374_11_02,000548.png
969,GOPR0374_11_02,000585.png
970,GOPR0374_11_02,000613.png
971,GOPR0374_11_02,000614.png
972,GOPR0374_11_02,000584.png
973,GOPR0374_11_02,000573.png
974,GOPR0374_11_02,000554.png
975,GOPR0374_11_02,000615.png
976,GOPR0374_11_02,000578.png
977,GOPR0374_11_02,000639.png
978,GOPR0374_11_02,000579.png
979,GOPR0374_11_02,000576.png
980,GOPR0374_11_02,000560.png
981,GOPR0374_11_02,000606.png
982,GOPR0374_11_02,000610.png
983,GOPR0374_11_02,000570.png
984,GOPR0374_11_02,000556.png
985,GOPR0374_11_02,000557.png
986,GOPR0374_11_02,000588.png
987,GOPR0374_11_02,000596.png
988,GOPR0374_11_02,000559.png
989,GOPR0374_11_02,000563.png
990,GOPR0374_11_02,000582.png
991,GOPR0374_11_02,000571.png
992,GOPR0374_11_02,000589.png
993,GOPR0374_11_02,000593.png
994,GOPR0374_11_02,000580.png
995,GOPR0374_11_02,000572.png
996,GOPR0374_11_02,000547.png
997,GOPR0374_11_02,000544.png
998,GOPR0374_11_02,000574.png
999,GOPR0374_11_02,000545.png
1000,GOPR0374_11_02,000619.png
1001,GOPR0374_11_02,000605.png
1002,GOPR0374_11_02,000543.png
1003,GOPR0374_11_02,000634.png
1004,GOPR0374_11_02,000567.png
1005,GOPR0374_11_02,000565.png
1006,GOPR0374_11_02,000564.png
1007,GOPR0374_11_02,000595.png
1008,GOPR0374_11_02,000633.png
1009,GOPR0374_11_02,000631.png
1010,GOPR0374_11_02,000549.png
1011,GOPR0374_11_02,000586.png
1012,GOPR0374_11_02,000636.png
1013,GOPR0374_11_02,000635.png
1014,GOPR0374_11_02,000620.png
1015,GOPR0374_11_02,000583.png
1016,GOPR0374_11_02,000607.png
1017,GOPR0374_11_02,000627.png
1018,GOPR0374_11_02,000561.png
1019,GOPR0374_11_02,000562.png
1020,GOPR0374_11_02,000577.png
1021,GOPR0374_11_02,000592.png
1022,GOPR0374_11_02,000566.png
1023,GOPR0374_11_02,000553.png
1024,GOPR0374_11_02,000637.png
1025,GOPR0374_11_02,000608.png
1026,GOPR0374_11_02,000609.png
1027,GOPR0374_11_02,000551.png
1028,GOPR0374_11_02,000622.png
1029,GOPR0374_11_02,000550.png
1030,GOPR0374_11_02,000632.png
1031,GOPR0374_11_02,000599.png
1032,GOPR0374_11_02,000625.png
1033,GOPR0374_11_02,000555.png
1034,GOPR0374_11_02,000591.png
1035,GOPR0374_11_02,000638.png
1036,GOPR0374_11_02,000581.png
1037,GOPR0374_11_02,000541.png
1038,GOPR0374_11_02,000594.png
1039,GOPR0374_11_02,000546.png
1040,GOPR0374_11_02,000630.png
1041,GOPR0374_11_02,000590.png
1042,GOPR0374_11_02,000558.png
1043,GOPR0374_11_02,000602.png
1044,GOPR0374_11_02,000623.png
1045,GOPR0374_11_02,000626.png
1046,GOPR0374_11_02,000552.png
1047,GOPR0374_11_02,000569.png
1048,GOPR0374_11_02,000603.png
1049,GOPR0374_11_02,000611.png
1050,GOPR0374_11_02,000597.png
1051,GOPR0374_11_02,000612.png
1052,GOPR0374_11_02,000617.png
1053,GOPR0374_11_02,000621.png
1054,GOPR0374_11_02,000598.png
1055,GOPR0374_11_02,000604.png
1056,GOPR0374_11_02,000616.png
1057,GOPR0374_11_02,000542.png
1058,GOPR0374_11_02,000601.png
1059,GOPR0374_11_02,000618.png
1060,GOPR0374_11_02,000629.png
1061,GOPR0374_11_02,000624.png
1062,GOPR0374_11_02,000575.png
1063,GOPR0372_07_00,000058.png
1064,GOPR0372_07_00,000049.png
1065,GOPR0372_07_00,000091.png
1066,GOPR0372_07_00,000056.png
1067,GOPR0372_07_00,000112.png
1068,GOPR0372_07_00,000050.png
1069,GOPR0372_07_00,000109.png
1070,GOPR0372_07_00,000060.png
1071,GOPR0372_07_00,000132.png
1072,GOPR0372_07_00,000076.png
1073,GOPR0372_07_00,000134.png
1074,GOPR0372_07_00,000097.png
1075,GOPR0372_07_00,000062.png
1076,GOPR0372_07_00,000135.png
1077,GOPR0372_07_00,000089.png
1078,GOPR0372_07_00,000102.png
1079,GOPR0372_07_00,000073.png
1080,GOPR0372_07_00,000065.png
1081,GOPR0372_07_00,000085.png
1082,GOPR0372_07_00,000074.png
1083,GOPR0372_07_00,000079.png
1084,GOPR0372_07_00,000123.png
1085,GOPR0372_07_00,000077.png
1086,GOPR0372_07_00,000055.png
1087,GOPR0372_07_00,000082.png
1088,GOPR0372_07_00,000095.png
1089,GOPR0372_07_00,000067.png
1090,GOPR0372_07_00,000063.png
1091,GOPR0372_07_00,000094.png
1092,GOPR0372_07_00,000126.png
1093,GOPR0372_07_00,000133.png
1094,GOPR0372_07_00,000048.png
1095,GOPR0372_07_00,000068.png
1096,GOPR0372_07_00,000086.png
1097,GOPR0372_07_00,000143.png
1098,GOPR0372_07_00,000129.png
1099,GOPR0372_07_00,000052.png
1100,GOPR0372_07_00,000117.png
1101,GOPR0372_07_00,000120.png
1102,GOPR0372_07_00,000064.png
1103,GOPR0372_07_00,000138.png
1104,GOPR0372_07_00,000137.png
1105,GOPR0372_07_00,000093.png
1106,GOPR0372_07_00,000061.png
1107,GOPR0372_07_00,000069.png
1108,GOPR0372_07_00,000113.png
1109,GOPR0372_07_00,000131.png
1110,GOPR0372_07_00,000096.png
1111,GOPR0372_07_00,000142.png
1112,GOPR0372_07_00,000072.png
1113,GOPR0372_07_00,000051.png
1114,GOPR0372_07_00,000078.png
1115,GOPR0372_07_00,000122.png
1116,GOPR0372_07_00,000106.png
1117,GOPR0372_07_00,000139.png
1118,GOPR0372_07_00,000111.png
1119,GOPR0372_07_00,000115.png
1120,GOPR0372_07_00,000114.png
1121,GOPR0372_07_00,000130.png
1122,GOPR0372_07_00,000136.png
1123,GOPR0372_07_00,000100.png
1124,GOPR0372_07_00,000108.png
1125,GOPR0372_07_00,000140.png
1126,GOPR0372_07_00,000118.png
1127,GOPR0372_07_00,000124.png
1128,GOPR0372_07_00,000053.png
1129,GOPR0372_07_00,000090.png
1130,GOPR0372_07_00,000116.png
1131,GOPR0372_07_00,000125.png
1132,GOPR0372_07_00,000098.png
1133,GOPR0372_07_00,000104.png
1134,GOPR0372_07_00,000141.png
1135,GOPR0372_07_00,000087.png
1136,GOPR0372_07_00,000059.png
1137,GOPR0372_07_00,000071.png
1138,GOPR0372_07_00,000121.png
1139,GOPR0372_07_00,000084.png
1140,GOPR0372_07_00,000075.png
1141,GOPR0372_07_00,000054.png
1142,GOPR0372_07_00,000127.png
1143,GOPR0372_07_00,000099.png
1144,GOPR0372_07_00,000070.png
1145,GOPR0372_07_00,000080.png
1146,GOPR0372_07_00,000105.png
1147,GOPR0372_07_00,000066.png
1148,GOPR0372_07_00,000128.png
1149,GOPR0372_07_00,000144.png
1150,GOPR0372_07_00,000088.png
1151,GOPR0372_07_00,000107.png
1152,GOPR0372_07_00,000119.png
1153,GOPR0372_07_00,000092.png
1154,GOPR0372_07_00,000101.png
1155,GOPR0372_07_00,000145.png
1156,GOPR0372_07_00,000110.png
1157,GOPR0372_07_00,000146.png
1158,GOPR0372_07_00,000103.png
1159,GOPR0372_07_00,000047.png
1160,GOPR0372_07_00,000057.png
1161,GOPR0372_07_00,000081.png
1162,GOPR0372_07_00,000083.png
1163,GOPR0868_11_02,000701.png
1164,GOPR0868_11_02,000721.png
1165,GOPR0868_11_02,000692.png
1166,GOPR0868_11_02,000713.png
1167,GOPR0868_11_02,000747.png
1168,GOPR0868_11_02,000696.png
1169,GOPR0868_11_02,000741.png
1170,GOPR0868_11_02,000752.png
1171,GOPR0868_11_02,000743.png
1172,GOPR0868_11_02,000780.png
1173,GOPR0868_11_02,000739.png
1174,GOPR0868_11_02,000755.png
1175,GOPR0868_11_02,000763.png
1176,GOPR0868_11_02,000779.png
1177,GOPR0868_11_02,000683.png
1178,GOPR0868_11_02,000754.png
1179,GOPR0868_11_02,000700.png
1180,GOPR0868_11_02,000735.png
1181,GOPR0868_11_02,000694.png
1182,GOPR0868_11_02,000707.png
1183,GOPR0868_11_02,000704.png
1184,GOPR0868_11_02,000699.png
1185,GOPR0868_11_02,000718.png
1186,GOPR0868_11_02,000712.png
1187,GOPR0868_11_02,000767.png
1188,GOPR0868_11_02,000724.png
1189,GOPR0868_11_02,000761.png
1190,GOPR0868_11_02,000745.png
1191,GOPR0868_11_02,000727.png
1192,GOPR0868_11_02,000734.png
1193,GOPR0868_11_02,000776.png
1194,GOPR0868_11_02,000722.png
1195,GOPR0868_11_02,000716.png
1196,GOPR0868_11_02,000762.png
1197,GOPR0868_11_02,000778.png
1198,GOPR0868_11_02,000728.png
1199,GOPR0868_11_02,000698.png
1200,GOPR0868_11_02,000774.png
1201,GOPR0868_11_02,000732.png
1202,GOPR0868_11_02,000737.png
1203,GOPR0868_11_02,000758.png
1204,GOPR0868_11_02,000772.png
1205,GOPR0868_11_02,000702.png
1206,GOPR0868_11_02,000733.png
1207,GOPR0868_11_02,000708.png
1208,GOPR0868_11_02,000687.png
1209,GOPR0868_11_02,000693.png
1210,GOPR0868_11_02,000726.png
1211,GOPR0868_11_02,000759.png
1212,GOPR0868_11_02,000720.png
1213,GOPR0868_11_02,000744.png
1214,GOPR0868_11_02,000723.png
1215,GOPR0868_11_02,000775.png
1216,GOPR0868_11_02,000771.png
1217,GOPR0868_11_02,000688.png
1218,GOPR0868_11_02,000686.png
1219,GOPR0868_11_02,000740.png
1220,GOPR0868_11_02,000777.png
1221,GOPR0868_11_02,000765.png
1222,GOPR0868_11_02,000719.png
1223,GOPR0868_11_02,000685.png
1224,GOPR0868_11_02,000697.png
1225,GOPR0868_11_02,000711.png
1226,GOPR0868_11_02,000684.png
1227,GOPR0868_11_02,000770.png
1228,GOPR0868_11_02,000753.png
1229,GOPR0868_11_02,000715.png
1230,GOPR0868_11_02,000760.png
1231,GOPR0868_11_02,000738.png
1232,GOPR0868_11_02,000681.png
1233,GOPR0868_11_02,000691.png
1234,GOPR0868_11_02,000695.png
1235,GOPR0868_11_02,000731.png
1236,GOPR0868_11_02,000709.png
1237,GOPR0868_11_02,000748.png
1238,GOPR0868_11_02,000717.png
1239,GOPR0868_11_02,000705.png
1240,GOPR0868_11_02,000773.png
1241,GOPR0868_11_02,000736.png
1242,GOPR0868_11_02,000742.png
1243,GOPR0868_11_02,000706.png
1244,GOPR0868_11_02,000751.png
1245,GOPR0868_11_02,000714.png
1246,GOPR0868_11_02,000730.png
1247,GOPR0868_11_02,000689.png
1248,GOPR0868_11_02,000725.png
1249,GOPR0868_11_02,000756.png
1250,GOPR0868_11_02,000729.png
1251,GOPR0868_11_02,000749.png
1252,GOPR0868_11_02,000746.png
1253,GOPR0868_11_02,000766.png
1254,GOPR0868_11_02,000768.png
1255,GOPR0868_11_02,000710.png
1256,GOPR0868_11_02,000690.png
1257,GOPR0868_11_02,000750.png
1258,GOPR0868_11_02,000682.png
1259,GOPR0868_11_02,000703.png
1260,GOPR0868_11_02,000764.png
1261,GOPR0868_11_02,000757.png
1262,GOPR0868_11_02,000769.png
1263,GOPR0374_11_00,000028.png
1264,GOPR0374_11_00,000016.png
1265,GOPR0374_11_00,000058.png
1266,GOPR0374_11_00,000049.png
1267,GOPR0374_11_00,000091.png
1268,GOPR0374_11_00,000038.png
1269,GOPR0374_11_00,000056.png
1270,GOPR0374_11_00,000010.png
1271,GOPR0374_11_00,000112.png
1272,GOPR0374_11_00,000036.png
1273,GOPR0374_11_00,000050.png
1274,GOPR0374_11_00,000027.png
1275,GOPR0374_11_00,000109.png
1276,GOPR0374_11_00,000060.png
1277,GOPR0374_11_00,000132.png
1278,GOPR0374_11_00,000076.png
1279,GOPR0374_11_00,000042.png
1280,GOPR0374_11_00,000134.png
1281,GOPR0374_11_00,000097.png
1282,GOPR0374_11_00,000062.png
1283,GOPR0374_11_00,000135.png
1284,GOPR0374_11_00,000031.png
1285,GOPR0374_11_00,000021.png
1286,GOPR0374_11_00,000148.png
1287,GOPR0374_11_00,000089.png
1288,GOPR0374_11_00,000026.png
1289,GOPR0374_11_00,000102.png
1290,GOPR0374_11_00,000073.png
1291,GOPR0374_11_00,000065.png
1292,GOPR0374_11_00,000085.png
1293,GOPR0374_11_00,000074.png
1294,GOPR0374_11_00,000079.png
1295,GOPR0374_11_00,000046.png
1296,GOPR0374_11_00,000123.png
1297,GOPR0374_11_00,000077.png
1298,GOPR0374_11_00,000055.png
1299,GOPR0374_11_00,000082.png
1300,GOPR0374_11_00,000150.png
1301,GOPR0374_11_00,000095.png
1302,GOPR0374_11_00,000067.png
1303,GOPR0374_11_00,000020.png
1304,GOPR0374_11_00,000041.png
1305,GOPR0374_11_00,000045.png
1306,GOPR0374_11_00,000033.png
1307,GOPR0374_11_00,000032.png
1308,GOPR0374_11_00,000063.png
1309,GOPR0374_11_00,000094.png
1310,GOPR0374_11_00,000126.png
1311,GOPR0374_11_00,000043.png
1312,GOPR0374_11_00,000133.png
1313,GOPR0374_11_00,000018.png
1314,GOPR0374_11_00,000048.png
1315,GOPR0374_11_00,000019.png
1316,GOPR0374_11_00,000068.png
1317,GOPR0374_11_00,000086.png
1318,GOPR0374_11_00,000143.png
1319,GOPR0374_11_00,000129.png
1320,GOPR0374_11_00,000052.png
1321,GOPR0374_11_00,000117.png
1322,GOPR0374_11_00,000040.png
1323,GOPR0374_11_00,000120.png
1324,GOPR0374_11_00,000034.png
1325,GOPR0374_11_00,000064.png
1326,GOPR0374_11_00,000022.png
1327,GOPR0374_11_00,000138.png
1328,GOPR0374_11_00,000137.png
1329,GOPR0374_11_00,000093.png
1330,GOPR0374_11_00,000061.png
1331,GOPR0374_11_00,000069.png
1332,GOPR0374_11_00,000004.png
1333,GOPR0374_11_00,000113.png
1334,GOPR0374_11_00,000011.png
1335,GOPR0374_11_00,000131.png
1336,GOPR0374_11_00,000096.png
1337,GOPR0374_11_00,000142.png
1338,GOPR0374_11_00,000072.png
1339,GOPR0374_11_00,000017.png
1340,GOPR0374_11_00,000001.png
1341,GOPR0374_11_00,000005.png
1342,GOPR0374_11_00,000009.png
1343,GOPR0374_11_00,000051.png
1344,GOPR0374_11_00,000078.png
1345,GOPR0374_11_00,000122.png
1346,GOPR0374_11_00,000106.png
1347,GOPR0374_11_00,000139.png
1348,GOPR0374_11_00,000015.png
1349,GOPR0374_11_00,000111.png
1350,GOPR0374_11_00,000115.png
1351,GOPR0374_11_00,000029.png
1352,GOPR0374_11_00,000114.png
1353,GOPR0374_11_00,000130.png
1354,GOPR0374_11_00,000136.png
1355,GOPR0374_11_00,000100.png
1356,GOPR0374_11_00,000108.png
1357,GOPR0374_11_00,000140.png
1358,GOPR0374_11_00,000012.png
1359,GOPR0374_11_00,000030.png
1360,GOPR0374_11_00,000118.png
1361,GOPR0374_11_00,000023.png
1362,GOPR0374_11_00,000124.png
1363,GOPR0374_11_00,000053.png
1364,GOPR0374_11_00,000044.png
1365,GOPR0374_11_00,000090.png
1366,GOPR0374_11_00,000116.png
1367,GOPR0374_11_00,000125.png
1368,GOPR0374_11_00,000098.png
1369,GOPR0374_11_00,000104.png
1370,GOPR0374_11_00,000141.png
1371,GOPR0374_11_00,000087.png
1372,GOPR0374_11_00,000035.png
1373,GOPR0374_11_00,000059.png
1374,GOPR0374_11_00,000071.png
1375,GOPR0374_11_00,000121.png
1376,GOPR0374_11_00,000084.png
1377,GOPR0374_11_00,000075.png
1378,GOPR0374_11_00,000054.png
1379,GOPR0374_11_00,000014.png
1380,GOPR0374_11_00,000127.png
1381,GOPR0374_11_00,000099.png
1382,GOPR0374_11_00,000070.png
1383,GOPR0374_11_00,000013.png
1384,GOPR0374_11_00,000080.png
1385,GOPR0374_11_00,000024.png
1386,GOPR0374_11_00,000105.png
1387,GOPR0374_11_00,000066.png
1388,GOPR0374_11_00,000128.png
1389,GOPR0374_11_00,000008.png
1390,GOPR0374_11_00,000144.png
1391,GOPR0374_11_00,000007.png
1392,GOPR0374_11_00,000088.png
1393,GOPR0374_11_00,000107.png
1394,GOPR0374_11_00,000119.png
1395,GOPR0374_11_00,000003.png
1396,GOPR0374_11_00,000092.png
1397,GOPR0374_11_00,000149.png
1398,GOPR0374_11_00,000002.png
1399,GOPR0374_11_00,000147.png
1400,GOPR0374_11_00,000101.png
1401,GOPR0374_11_00,000039.png
1402,GOPR0374_11_00,000145.png
1403,GOPR0374_11_00,000110.png
1404,GOPR0374_11_00,000146.png
1405,GOPR0374_11_00,000025.png
1406,GOPR0374_11_00,000103.png
1407,GOPR0374_11_00,000006.png
1408,GOPR0374_11_00,000037.png
1409,GOPR0374_11_00,000047.png
1410,GOPR0374_11_00,000057.png
1411,GOPR0374_11_00,000081.png
1412,GOPR0374_11_00,000083.png
1413,GOPR0477_11_00,000028.png
1414,GOPR0477_11_00,000016.png
1415,GOPR0477_11_00,000058.png
1416,GOPR0477_11_00,000049.png
1417,GOPR0477_11_00,000038.png
1418,GOPR0477_11_00,000056.png
1419,GOPR0477_11_00,000010.png
1420,GOPR0477_11_00,000036.png
1421,GOPR0477_11_00,000050.png
1422,GOPR0477_11_00,000027.png
1423,GOPR0477_11_00,000060.png
1424,GOPR0477_11_00,000076.png
1425,GOPR0477_11_00,000042.png
1426,GOPR0477_11_00,000062.png
1427,GOPR0477_11_00,000031.png
1428,GOPR0477_11_00,000021.png
1429,GOPR0477_11_00,000026.png
1430,GOPR0477_11_00,000073.png
1431,GOPR0477_11_00,000065.png
1432,GOPR0477_11_00,000074.png
1433,GOPR0477_11_00,000079.png
1434,GOPR0477_11_00,000046.png
1435,GOPR0477_11_00,000077.png
1436,GOPR0477_11_00,000055.png
1437,GOPR0477_11_00,000067.png
1438,GOPR0477_11_00,000020.png
1439,GOPR0477_11_00,000041.png
1440,GOPR0477_11_00,000045.png
1441,GOPR0477_11_00,000033.png
1442,GOPR0477_11_00,000032.png
1443,GOPR0477_11_00,000063.png
1444,GOPR0477_11_00,000043.png
1445,GOPR0477_11_00,000018.png
1446,GOPR0477_11_00,000048.png
1447,GOPR0477_11_00,000019.png
1448,GOPR0477_11_00,000068.png
1449,GOPR0477_11_00,000052.png
1450,GOPR0477_11_00,000040.png
1451,GOPR0477_11_00,000034.png
1452,GOPR0477_11_00,000064.png
1453,GOPR0477_11_00,000022.png
1454,GOPR0477_11_00,000061.png
1455,GOPR0477_11_00,000069.png
1456,GOPR0477_11_00,000004.png
1457,GOPR0477_11_00,000011.png
1458,GOPR0477_11_00,000072.png
1459,GOPR0477_11_00,000017.png
1460,GOPR0477_11_00,000001.png
1461,GOPR0477_11_00,000005.png
1462,GOPR0477_11_00,000009.png
1463,GOPR0477_11_00,000051.png
1464,GOPR0477_11_00,000078.png
1465,GOPR0477_11_00,000015.png
1466,GOPR0477_11_00,000029.png
1467,GOPR0477_11_00,000012.png
1468,GOPR0477_11_00,000030.png
1469,GOPR0477_11_00,000023.png
1470,GOPR0477_11_00,000053.png
1471,GOPR0477_11_00,000044.png
1472,GOPR0477_11_00,000035.png
1473,GOPR0477_11_00,000059.png
1474,GOPR0477_11_00,000071.png
1475,GOPR0477_11_00,000075.png
1476,GOPR0477_11_00,000054.png
1477,GOPR0477_11_00,000014.png
1478,GOPR0477_11_00,000070.png
1479,GOPR0477_11_00,000013.png
1480,GOPR0477_11_00,000080.png
1481,GOPR0477_11_00,000024.png
1482,GOPR0477_11_00,000066.png
1483,GOPR0477_11_00,000008.png
1484,GOPR0477_11_00,000007.png
1485,GOPR0477_11_00,000003.png
1486,GOPR0477_11_00,000002.png
1487,GOPR0477_11_00,000039.png
1488,GOPR0477_11_00,000025.png
1489,GOPR0477_11_00,000006.png
1490,GOPR0477_11_00,000037.png
1491,GOPR0477_11_00,000047.png
1492,GOPR0477_11_00,000057.png
1493,GOPR0384_11_02,001369.png
1494,GOPR0384_11_02,001330.png
1495,GOPR0384_11_02,001321.png
1496,GOPR0384_11_02,001317.png
1497,GOPR0384_11_02,001359.png
1498,GOPR0384_11_02,001347.png
1499,GOPR0384_11_02,001379.png
1500,GOPR0384_11_02,001337.png
1501,GOPR0384_11_02,001339.png
1502,GOPR0384_11_02,001306.png
1503,GOPR0384_11_02,001309.png
1504,GOPR0384_11_02,001397.png
1505,GOPR0384_11_02,001365.png
1506,GOPR0384_11_02,001304.png
1507,GOPR0384_11_02,001307.png
1508,GOPR0384_11_02,001331.png
1509,GOPR0384_11_02,001314.png
1510,GOPR0384_11_02,001343.png
1511,GOPR0384_11_02,001387.png
1512,GOPR0384_11_02,001392.png
1513,GOPR0384_11_02,001333.png
1514,GOPR0384_11_02,001371.png
1515,GOPR0384_11_02,001360.png
1516,GOPR0384_11_02,001323.png
1517,GOPR0384_11_02,001389.png
1518,GOPR0384_11_02,001356.png
1519,GOPR0384_11_02,001376.png
1520,GOPR0384_11_02,001400.png
1521,GOPR0384_11_02,001396.png
1522,GOPR0384_11_02,001388.png
1523,GOPR0384_11_02,001312.png
1524,GOPR0384_11_02,001354.png
1525,GOPR0384_11_02,001377.png
1526,GOPR0384_11_02,001324.png
1527,GOPR0384_11_02,001393.png
1528,GOPR0384_11_02,001325.png
1529,GOPR0384_11_02,001308.png
1530,GOPR0384_11_02,001352.png
1531,GOPR0384_11_02,001357.png
1532,GOPR0384_11_02,001381.png
1533,GOPR0384_11_02,001301.png
1534,GOPR0384_11_02,001311.png
1535,GOPR0384_11_02,001345.png
1536,GOPR0384_11_02,001350.png
1537,GOPR0384_11_02,001334.png
1538,GOPR0384_11_02,001344.png
1539,GOPR0384_11_02,001338.png
1540,GOPR0384_11_02,001313.png
1541,GOPR0384_11_02,001391.png
1542,GOPR0384_11_02,001363.png
1543,GOPR0384_11_02,001353.png
1544,GOPR0384_11_02,001351.png
1545,GOPR0384_11_02,001341.png
1546,GOPR0384_11_02,001386.png
1547,GOPR0384_11_02,001342.png
1548,GOPR0384_11_02,001364.png
1549,GOPR0384_11_02,001390.png
1550,GOPR0384_11_02,001329.png
1551,GOPR0384_11_02,001302.png
1552,GOPR0384_11_02,001349.png
1553,GOPR0384_11_02,001383.png
1554,GOPR0384_11_02,001355.png
1555,GOPR0384_11_02,001375.png
1556,GOPR0384_11_02,001367.png
1557,GOPR0384_11_02,001374.png
1558,GOPR0384_11_02,001326.png
1559,GOPR0384_11_02,001382.png
1560,GOPR0384_11_02,001385.png
1561,GOPR0384_11_02,001335.png
1562,GOPR0384_11_02,001340.png
1563,GOPR0384_11_02,001399.png
1564,GOPR0384_11_02,001327.png
1565,GOPR0384_11_02,001370.png
1566,GOPR0384_11_02,001362.png
1567,GOPR0384_11_02,001332.png
1568,GOPR0384_11_02,001373.png
1569,GOPR0384_11_02,001348.png
1570,GOPR0384_11_02,001303.png
1571,GOPR0384_11_02,001346.png
1572,GOPR0384_11_02,001315.png
1573,GOPR0384_11_02,001361.png
1574,GOPR0384_11_02,001398.png
1575,GOPR0384_11_02,001316.png
1576,GOPR0384_11_02,001394.png
1577,GOPR0384_11_02,001336.png
1578,GOPR0384_11_02,001384.png
1579,GOPR0384_11_02,001358.png
1580,GOPR0384_11_02,001328.png
1581,GOPR0384_11_02,001320.png
1582,GOPR0384_11_02,001395.png
1583,GOPR0384_11_02,001305.png
1584,GOPR0384_11_02,001318.png
1585,GOPR0384_11_02,001372.png
1586,GOPR0384_11_02,001368.png
1587,GOPR0384_11_02,001319.png
1588,GOPR0384_11_02,001366.png
1589,GOPR0384_11_02,001310.png
1590,GOPR0384_11_02,001378.png
1591,GOPR0384_11_02,001322.png
1592,GOPR0384_11_02,001380.png
1593,GOPR0378_13_00,000058.png
1594,GOPR0378_13_00,000049.png
1595,GOPR0378_13_00,000091.png
1596,GOPR0378_13_00,000056.png
1597,GOPR0378_13_00,000112.png
1598,GOPR0378_13_00,000050.png
1599,GOPR0378_13_00,000109.png
1600,GOPR0378_13_00,000060.png
1601,GOPR0378_13_00,000132.png
1602,GOPR0378_13_00,000076.png
1603,GOPR0378_13_00,000042.png
1604,GOPR0378_13_00,000134.png
1605,GOPR0378_13_00,000097.png
1606,GOPR0378_13_00,000062.png
1607,GOPR0378_13_00,000135.png
1608,GOPR0378_13_00,000148.png
1609,GOPR0378_13_00,000089.png
1610,GOPR0378_13_00,000102.png
1611,GOPR0378_13_00,000073.png
1612,GOPR0378_13_00,000065.png
1613,GOPR0378_13_00,000085.png
1614,GOPR0378_13_00,000074.png
1615,GOPR0378_13_00,000079.png
1616,GOPR0378_13_00,000046.png
1617,GOPR0378_13_00,000123.png
1618,GOPR0378_13_00,000077.png
1619,GOPR0378_13_00,000055.png
1620,GOPR0378_13_00,000082.png
1621,GOPR0378_13_00,000150.png
1622,GOPR0378_13_00,000095.png
1623,GOPR0378_13_00,000067.png
1624,GOPR0378_13_00,000041.png
1625,GOPR0378_13_00,000045.png
1626,GOPR0378_13_00,000063.png
1627,GOPR0378_13_00,000094.png
1628,GOPR0378_13_00,000126.png
1629,GOPR0378_13_00,000043.png
1630,GOPR0378_13_00,000133.png
1631,GOPR0378_13_00,000048.png
1632,GOPR0378_13_00,000068.png
1633,GOPR0378_13_00,000086.png
1634,GOPR0378_13_00,000143.png
1635,GOPR0378_13_00,000129.png
1636,GOPR0378_13_00,000052.png
1637,GOPR0378_13_00,000117.png
1638,GOPR0378_13_00,000120.png
1639,GOPR0378_13_00,000064.png
1640,GOPR0378_13_00,000138.png
1641,GOPR0378_13_00,000137.png
1642,GOPR0378_13_00,000093.png
1643,GOPR0378_13_00,000061.png
1644,GOPR0378_13_00,000069.png
1645,GOPR0378_13_00,000113.png
1646,GOPR0378_13_00,000131.png
1647,GOPR0378_13_00,000096.png
1648,GOPR0378_13_00,000142.png
1649,GOPR0378_13_00,000072.png
1650,GOPR0378_13_00,000051.png
1651,GOPR0378_13_00,000078.png
1652,GOPR0378_13_00,000122.png
1653,GOPR0378_13_00,000106.png
1654,GOPR0378_13_00,000139.png
1655,GOPR0378_13_00,000111.png
1656,GOPR0378_13_00,000115.png
1657,GOPR0378_13_00,000114.png
1658,GOPR0378_13_00,000130.png
1659,GOPR0378_13_00,000136.png
1660,GOPR0378_13_00,000100.png
1661,GOPR0378_13_00,000108.png
1662,GOPR0378_13_00,000140.png
1663,GOPR0378_13_00,000118.png
1664,GOPR0378_13_00,000124.png
1665,GOPR0378_13_00,000053.png
1666,GOPR0378_13_00,000044.png
1667,GOPR0378_13_00,000090.png
1668,GOPR0378_13_00,000116.png
1669,GOPR0378_13_00,000125.png
1670,GOPR0378_13_00,000098.png
1671,GOPR0378_13_00,000104.png
1672,GOPR0378_13_00,000141.png
1673,GOPR0378_13_00,000087.png
1674,GOPR0378_13_00,000059.png
1675,GOPR0378_13_00,000071.png
1676,GOPR0378_13_00,000121.png
1677,GOPR0378_13_00,000084.png
1678,GOPR0378_13_00,000075.png
1679,GOPR0378_13_00,000054.png
1680,GOPR0378_13_00,000127.png
1681,GOPR0378_13_00,000099.png
1682,GOPR0378_13_00,000070.png
1683,GOPR0378_13_00,000080.png
1684,GOPR0378_13_00,000105.png
1685,GOPR0378_13_00,000066.png
1686,GOPR0378_13_00,000128.png
1687,GOPR0378_13_00,000144.png
1688,GOPR0378_13_00,000088.png
1689,GOPR0378_13_00,000107.png
1690,GOPR0378_13_00,000119.png
1691,GOPR0378_13_00,000092.png
1692,GOPR0378_13_00,000149.png
1693,GOPR0378_13_00,000147.png
1694,GOPR0378_13_00,000101.png
1695,GOPR0378_13_00,000145.png
1696,GOPR0378_13_00,000110.png
1697,GOPR0378_13_00,000146.png
1698,GOPR0378_13_00,000103.png
1699,GOPR0378_13_00,000047.png
1700,GOPR0378_13_00,000057.png
1701,GOPR0378_13_00,000081.png
1702,GOPR0378_13_00,000083.png
1703,GOPR0871_11_01,000251.png
1704,GOPR0871_11_01,000258.png
1705,GOPR0871_11_01,000201.png
1706,GOPR0871_11_01,000203.png
1707,GOPR0871_11_01,000240.png
1708,GOPR0871_11_01,000269.png
1709,GOPR0871_11_01,000248.png
1710,GOPR0871_11_01,000183.png
1711,GOPR0871_11_01,000278.png
1712,GOPR0871_11_01,000207.png
1713,GOPR0871_11_01,000241.png
1714,GOPR0871_11_01,000209.png
1715,GOPR0871_11_01,000252.png
1716,GOPR0871_11_01,000191.png
1717,GOPR0871_11_01,000184.png
1718,GOPR0871_11_01,000198.png
1719,GOPR0871_11_01,000257.png
1720,GOPR0871_11_01,000218.png
1721,GOPR0871_11_01,000227.png
1722,GOPR0871_11_01,000225.png
1723,GOPR0871_11_01,000239.png
1724,GOPR0871_11_01,000182.png
1725,GOPR0871_11_01,000276.png
1726,GOPR0871_11_01,000263.png
1727,GOPR0871_11_01,000238.png
1728,GOPR0871_11_01,000275.png
1729,GOPR0871_11_01,000194.png
1730,GOPR0871_11_01,000249.png
1731,GOPR0871_11_01,000187.png
1732,GOPR0871_11_01,000259.png
1733,GOPR0871_11_01,000228.png
1734,GOPR0871_11_01,000223.png
1735,GOPR0871_11_01,000204.png
1736,GOPR0871_11_01,000260.png
1737,GOPR0871_11_01,000220.png
1738,GOPR0871_11_01,000237.png
1739,GOPR0871_11_01,000196.png
1740,GOPR0871_11_01,000195.png
1741,GOPR0871_11_01,000188.png
1742,GOPR0871_11_01,000268.png
1743,GOPR0871_11_01,000202.png
1744,GOPR0871_11_01,000230.png
1745,GOPR0871_11_01,000214.png
1746,GOPR0871_11_01,000279.png
1747,GOPR0871_11_01,000211.png
1748,GOPR0871_11_01,000277.png
1749,GOPR0871_11_01,000270.png
1750,GOPR0871_11_01,000192.png
1751,GOPR0871_11_01,000261.png
1752,GOPR0871_11_01,000199.png
1753,GOPR0871_11_01,000243.png
1754,GOPR0871_11_01,000273.png
1755,GOPR0871_11_01,000271.png
1756,GOPR0871_11_01,000265.png
1757,GOPR0871_11_01,000232.png
1758,GOPR0871_11_01,000231.png
1759,GOPR0871_11_01,000217.png
1760,GOPR0871_11_01,000200.png
1761,GOPR0871_11_01,000216.png
1762,GOPR0871_11_01,000234.png
1763,GOPR0871_11_01,000185.png
1764,GOPR0871_11_01,000189.png
1765,GOPR0871_11_01,000206.png
1766,GOPR0871_11_01,000221.png
1767,GOPR0871_11_01,000190.png
1768,GOPR0871_11_01,000272.png
1769,GOPR0871_11_01,000233.png
1770,GOPR0871_11_01,000242.png
1771,GOPR0871_11_01,000255.png
1772,GOPR0871_11_01,000256.png
1773,GOPR0871_11_01,000205.png
1774,GOPR0871_11_01,000197.png
1775,GOPR0871_11_01,000193.png
1776,GOPR0871_11_01,000246.png
1777,GOPR0871_11_01,000280.png
1778,GOPR0871_11_01,000262.png
1779,GOPR0871_11_01,000186.png
1780,GOPR0871_11_01,000266.png
1781,GOPR0871_11_01,000274.png
1782,GOPR0871_11_01,000267.png
1783,GOPR0871_11_01,000213.png
1784,GOPR0871_11_01,000247.png
1785,GOPR0871_11_01,000226.png
1786,GOPR0871_11_01,000224.png
1787,GOPR0871_11_01,000244.png
1788,GOPR0871_11_01,000222.png
1789,GOPR0871_11_01,000235.png
1790,GOPR0871_11_01,000210.png
1791,GOPR0871_11_01,000229.png
1792,GOPR0871_11_01,000181.png
1793,GOPR0871_11_01,000212.png
1794,GOPR0871_11_01,000264.png
1795,GOPR0871_11_01,000245.png
1796,GOPR0871_11_01,000253.png
1797,GOPR0871_11_01,000236.png
1798,GOPR0871_11_01,000219.png
1799,GOPR0871_11_01,000208.png
1800,GOPR0871_11_01,000250.png
1801,GOPR0871_11_01,000215.png
1802,GOPR0871_11_01,000254.png
1803,GOPR0868_11_01,000251.png
1804,GOPR0868_11_01,000258.png
1805,GOPR0868_11_01,000300.png
1806,GOPR0868_11_01,000290.png
1807,GOPR0868_11_01,000240.png
1808,GOPR0868_11_01,000269.png
1809,GOPR0868_11_01,000248.png
1810,GOPR0868_11_01,000278.png
1811,GOPR0868_11_01,000298.png
1812,GOPR0868_11_01,000297.png
1813,GOPR0868_11_01,000241.png
1814,GOPR0868_11_01,000283.png
1815,GOPR0868_11_01,000305.png
1816,GOPR0868_11_01,000296.png
1817,GOPR0868_11_01,000252.png
1818,GOPR0868_11_01,000314.png
1819,GOPR0868_11_01,000286.png
1820,GOPR0868_11_01,000309.png
1821,GOPR0868_11_01,000257.png
1822,GOPR0868_11_01,000227.png
1823,GOPR0868_11_01,000320.png
1824,GOPR0868_11_01,000225.png
1825,GOPR0868_11_01,000289.png
1826,GOPR0868_11_01,000239.png
1827,GOPR0868_11_01,000276.png
1828,GOPR0868_11_01,000263.png
1829,GOPR0868_11_01,000293.png
1830,GOPR0868_11_01,000238.png
1831,GOPR0868_11_01,000316.png
1832,GOPR0868_11_01,000275.png
1833,GOPR0868_11_01,000312.png
1834,GOPR0868_11_01,000249.png
1835,GOPR0868_11_01,000307.png
1836,GOPR0868_11_01,000259.png
1837,GOPR0868_11_01,000228.png
1838,GOPR0868_11_01,000223.png
1839,GOPR0868_11_01,000260.png
1840,GOPR0868_11_01,000237.png
1841,GOPR0868_11_01,000319.png
1842,GOPR0868_11_01,000308.png
1843,GOPR0868_11_01,000268.png
1844,GOPR0868_11_01,000230.png
1845,GOPR0868_11_01,000292.png
1846,GOPR0868_11_01,000288.png
1847,GOPR0868_11_01,000279.png
1848,GOPR0868_11_01,000277.png
1849,GOPR0868_11_01,000270.png
1850,GOPR0868_11_01,000295.png
1851,GOPR0868_11_01,000261.png
1852,GOPR0868_11_01,000299.png
1853,GOPR0868_11_01,000243.png
1854,GOPR0868_11_01,000291.png
1855,GOPR0868_11_01,000273.png
1856,GOPR0868_11_01,000271.png
1857,GOPR0868_11_01,000315.png
1858,GOPR0868_11_01,000265.png
1859,GOPR0868_11_01,000232.png
1860,GOPR0868_11_01,000231.png
1861,GOPR0868_11_01,000303.png
1862,GOPR0868_11_01,000306.png
1863,GOPR0868_11_01,000313.png
1864,GOPR0868_11_01,000234.png
1865,GOPR0868_11_01,000221.png
1866,GOPR0868_11_01,000272.png
1867,GOPR0868_11_01,000233.png
1868,GOPR0868_11_01,000284.png
1869,GOPR0868_11_01,000310.png
1870,GOPR0868_11_01,000242.png
1871,GOPR0868_11_01,000255.png
1872,GOPR0868_11_01,000256.png
1873,GOPR0868_11_01,000301.png
1874,GOPR0868_11_01,000246.png
1875,GOPR0868_11_01,000317.png
1876,GOPR0868_11_01,000302.png
1877,GOPR0868_11_01,000280.png
1878,GOPR0868_11_01,000262.png
1879,GOPR0868_11_01,000318.png
1880,GOPR0868_11_01,000304.png
1881,GOPR0868_11_01,000266.png
1882,GOPR0868_11_01,000282.png
1883,GOPR0868_11_01,000274.png
1884,GOPR0868_11_01,000267.png
1885,GOPR0868_11_01,000294.png
1886,GOPR0868_11_01,000247.png
1887,GOPR0868_11_01,000311.png
1888,GOPR0868_11_01,000226.png
1889,GOPR0868_11_01,000224.png
1890,GOPR0868_11_01,000244.png
1891,GOPR0868_11_01,000222.png
1892,GOPR0868_11_01,000235.png
1893,GOPR0868_11_01,000229.png
1894,GOPR0868_11_01,000287.png
1895,GOPR0868_11_01,000264.png
1896,GOPR0868_11_01,000281.png
1897,GOPR0868_11_01,000245.png
1898,GOPR0868_11_01,000253.png
1899,GOPR0868_11_01,000236.png
1900,GOPR0868_11_01,000285.png
1901,GOPR0868_11_01,000250.png
1902,GOPR0868_11_01,000254.png
1903,GOPR0379_11_00,000251.png
1904,GOPR0379_11_00,000258.png
1905,GOPR0379_11_00,000201.png
1906,GOPR0379_11_00,000203.png
1907,GOPR0379_11_00,000240.png
1908,GOPR0379_11_00,000269.png
1909,GOPR0379_11_00,000248.png
1910,GOPR0379_11_00,000278.png
1911,GOPR0379_11_00,000207.png
1912,GOPR0379_11_00,000241.png
1913,GOPR0379_11_00,000283.png
1914,GOPR0379_11_00,000209.png
1915,GOPR0379_11_00,000252.png
1916,GOPR0379_11_00,000286.png
1917,GOPR0379_11_00,000191.png
1918,GOPR0379_11_00,000198.png
1919,GOPR0379_11_00,000257.png
1920,GOPR0379_11_00,000218.png
1921,GOPR0379_11_00,000227.png
1922,GOPR0379_11_00,000225.png
1923,GOPR0379_11_00,000239.png
1924,GOPR0379_11_00,000276.png
1925,GOPR0379_11_00,000263.png
1926,GOPR0379_11_00,000238.png
1927,GOPR0379_11_00,000275.png
1928,GOPR0379_11_00,000194.png
1929,GOPR0379_11_00,000249.png
1930,GOPR0379_11_00,000259.png
1931,GOPR0379_11_00,000228.png
1932,GOPR0379_11_00,000223.png
1933,GOPR0379_11_00,000204.png
1934,GOPR0379_11_00,000260.png
1935,GOPR0379_11_00,000220.png
1936,GOPR0379_11_00,000237.png
1937,GOPR0379_11_00,000196.png
1938,GOPR0379_11_00,000195.png
1939,GOPR0379_11_00,000188.png
1940,GOPR0379_11_00,000268.png
1941,GOPR0379_11_00,000202.png
1942,GOPR0379_11_00,000230.png
1943,GOPR0379_11_00,000214.png
1944,GOPR0379_11_00,000279.png
1945,GOPR0379_11_00,000211.png
1946,GOPR0379_11_00,000277.png
1947,GOPR0379_11_00,000270.png
1948,GOPR0379_11_00,000192.png
1949,GOPR0379_11_00,000261.png
1950,GOPR0379_11_00,000199.png
1951,GOPR0379_11_00,000243.png
1952,GOPR0379_11_00,000273.png
1953,GOPR0379_11_00,000271.png
1954,GOPR0379_11_00,000265.png
1955,GOPR0379_11_00,000232.png
1956,GOPR0379_11_00,000231.png
1957,GOPR0379_11_00,000217.png
1958,GOPR0379_11_00,000200.png
1959,GOPR0379_11_00,000216.png
1960,GOPR0379_11_00,000234.png
1961,GOPR0379_11_00,000189.png
1962,GOPR0379_11_00,000206.png
1963,GOPR0379_11_00,000221.png
1964,GOPR0379_11_00,000190.png
1965,GOPR0379_11_00,000272.png
1966,GOPR0379_11_00,000233.png
1967,GOPR0379_11_00,000284.png
1968,GOPR0379_11_00,000242.png
1969,GOPR0379_11_00,000255.png
1970,GOPR0379_11_00,000256.png
1971,GOPR0379_11_00,000205.png
1972,GOPR0379_11_00,000197.png
1973,GOPR0379_11_00,000193.png
1974,GOPR0379_11_00,000246.png
1975,GOPR0379_11_00,000280.png
1976,GOPR0379_11_00,000262.png
1977,GOPR0379_11_00,000266.png
1978,GOPR0379_11_00,000282.png
1979,GOPR0379_11_00,000274.png
1980,GOPR0379_11_00,000267.png
1981,GOPR0379_11_00,000213.png
1982,GOPR0379_11_00,000247.png
1983,GOPR0379_11_00,000226.png
1984,GOPR0379_11_00,000224.png
1985,GOPR0379_11_00,000244.png
1986,GOPR0379_11_00,000222.png
1987,GOPR0379_11_00,000235.png
1988,GOPR0379_11_00,000210.png
1989,GOPR0379_11_00,000229.png
1990,GOPR0379_11_00,000287.png
1991,GOPR0379_11_00,000212.png
1992,GOPR0379_11_00,000264.png
1993,GOPR0379_11_00,000281.png
1994,GOPR0379_11_00,000245.png
1995,GOPR0379_11_00,000253.png
1996,GOPR0379_11_00,000236.png
1997,GOPR0379_11_00,000219.png
1998,GOPR0379_11_00,000208.png
1999,GOPR0379_11_00,000285.png
2000,GOPR0379_11_00,000250.png
2001,GOPR0379_11_00,000215.png
2002,GOPR0379_11_00,000254.png
2003,GOPR0881_11_00,000028.png
2004,GOPR0881_11_00,000016.png
2005,GOPR0881_11_00,000058.png
2006,GOPR0881_11_00,000049.png
2007,GOPR0881_11_00,000091.png
2008,GOPR0881_11_00,000038.png
2009,GOPR0881_11_00,000056.png
2010,GOPR0881_11_00,000010.png
2011,GOPR0881_11_00,000036.png
2012,GOPR0881_11_00,000050.png
2013,GOPR0881_11_00,000027.png
2014,GOPR0881_11_00,000060.png
2015,GOPR0881_11_00,000076.png
2016,GOPR0881_11_00,000042.png
2017,GOPR0881_11_00,000097.png
2018,GOPR0881_11_00,000062.png
2019,GOPR0881_11_00,000031.png
2020,GOPR0881_11_00,000021.png
2021,GOPR0881_11_00,000089.png
2022,GOPR0881_11_00,000026.png
2023,GOPR0881_11_00,000073.png
2024,GOPR0881_11_00,000065.png
2025,GOPR0881_11_00,000085.png
2026,GOPR0881_11_00,000074.png
2027,GOPR0881_11_00,000079.png
2028,GOPR0881_11_00,000046.png
2029,GOPR0881_11_00,000077.png
2030,GOPR0881_11_00,000055.png
2031,GOPR0881_11_00,000082.png
2032,GOPR0881_11_00,000095.png
2033,GOPR0881_11_00,000067.png
2034,GOPR0881_11_00,000020.png
2035,GOPR0881_11_00,000041.png
2036,GOPR0881_11_00,000045.png
2037,GOPR0881_11_00,000033.png
2038,GOPR0881_11_00,000032.png
2039,GOPR0881_11_00,000063.png
2040,GOPR0881_11_00,000094.png
2041,GOPR0881_11_00,000043.png
2042,GOPR0881_11_00,000018.png
2043,GOPR0881_11_00,000048.png
2044,GOPR0881_11_00,000019.png
2045,GOPR0881_11_00,000068.png
2046,GOPR0881_11_00,000086.png
2047,GOPR0881_11_00,000052.png
2048,GOPR0881_11_00,000040.png
2049,GOPR0881_11_00,000034.png
2050,GOPR0881_11_00,000064.png
2051,GOPR0881_11_00,000022.png
2052,GOPR0881_11_00,000093.png
2053,GOPR0881_11_00,000061.png
2054,GOPR0881_11_00,000069.png
2055,GOPR0881_11_00,000004.png
2056,GOPR0881_11_00,000011.png
2057,GOPR0881_11_00,000096.png
2058,GOPR0881_11_00,000072.png
2059,GOPR0881_11_00,000017.png
2060,GOPR0881_11_00,000001.png
2061,GOPR0881_11_00,000005.png
2062,GOPR0881_11_00,000009.png
2063,GOPR0881_11_00,000051.png
2064,GOPR0881_11_00,000078.png
2065,GOPR0881_11_00,000015.png
2066,GOPR0881_11_00,000029.png
2067,GOPR0881_11_00,000100.png
2068,GOPR0881_11_00,000012.png
2069,GOPR0881_11_00,000030.png
2070,GOPR0881_11_00,000023.png
2071,GOPR0881_11_00,000053.png
2072,GOPR0881_11_00,000044.png
2073,GOPR0881_11_00,000090.png
2074,GOPR0881_11_00,000098.png
2075,GOPR0881_11_00,000087.png
2076,GOPR0881_11_00,000035.png
2077,GOPR0881_11_00,000059.png
2078,GOPR0881_11_00,000071.png
2079,GOPR0881_11_00,000084.png
2080,GOPR0881_11_00,000075.png
2081,GOPR0881_11_00,000054.png
2082,GOPR0881_11_00,000014.png
2083,GOPR0881_11_00,000099.png
2084,GOPR0881_11_00,000070.png
2085,GOPR0881_11_00,000013.png
2086,GOPR0881_11_00,000080.png
2087,GOPR0881_11_00,000024.png
2088,GOPR0881_11_00,000066.png
2089,GOPR0881_11_00,000008.png
2090,GOPR0881_11_00,000007.png
2091,GOPR0881_11_00,000088.png
2092,GOPR0881_11_00,000003.png
2093,GOPR0881_11_00,000092.png
2094,GOPR0881_11_00,000002.png
2095,GOPR0881_11_00,000039.png
2096,GOPR0881_11_00,000025.png
2097,GOPR0881_11_00,000006.png
2098,GOPR0881_11_00,000037.png
2099,GOPR0881_11_00,000047.png
2100,GOPR0881_11_00,000057.png
2101,GOPR0881_11_00,000081.png
2102,GOPR0881_11_00,000083.png
